,sym_1,sym_2,p_value,t_value,c_value,hedge_ratio,zero_crossings
425,RSS3USDT,MATICUSDT,0.0,-4.27,-3.37,0.13,54
571,WAVESUSDT,LRCUSDT,0.01,-3.97,-3.37,8.13,49
277,PEOPLEUSDT,REQUSDT,0.03,-3.53,-3.37,0.26,45
390,REQUSDT,BANDUSDT,0.02,-3.74,-3.37,0.06,40
642,XRPUSDT,ANKRUSDT,0.04,-3.42,-3.37,16.71,40
532,UNIUSDT,MINAUSDT,0.0,-5.74,-3.37,11.65,39
484,SWEATUSDT,KLAYUSDT,0.0,-4.62,-3.37,0.06,39
599,XEMUSDT,CVCUSDT,0.02,-3.73,-3.37,0.35,38
477,STXUSDT,GRTUSDT,0.0,-4.28,-3.37,3.28,38
84,AAVEUSDT,HOTUSDT,0.0,-4.68,-3.37,42447.4,38
491,TOMOUSDT,C98USDT,0.0,-4.29,-3.37,1.52,37
596,XEMUSDT,CROUSDT,0.03,-3.53,-3.37,0.47,37
93,AAVEUSDT,LTCUSDT,0.02,-3.65,-3.37,0.96,37
475,STXUSDT,CTKUSDT,0.03,-3.48,-3.37,0.35,37
326,QNTUSDT,ENSUSDT,0.0,-4.34,-3.37,9.66,37
258,PEOPLEUSDT,BANDUSDT,0.0,-4.34,-3.37,0.01,37
273,PEOPLEUSDT,MANAUSDT,0.0,-4.39,-3.37,0.04,37
556,VETUSDT,AVAXUSDT,0.01,-3.98,-3.37,0.0,36
388,RENUSDT,ZILUSDT,0.0,-5.34,-3.37,2.9,36
1,10000NFTUSDT,BSVUSDT,0.02,-3.76,-3.37,0.0,36
415,RSS3USDT,COMPUSDT,0.02,-3.6,-3.37,0.0,36
569,WAVESUSDT,CROUSDT,0.0,-4.58,-3.37,29.24,35
82,AAVEUSDT,ETHWUSDT,0.0,-4.23,-3.37,21.18,35
8,10000NFTUSDT,TWTUSDT,0.01,-3.93,-3.37,0.0,35
65,1INCHUSDT,SUSHIUSDT,0.01,-4.09,-3.37,0.39,35
660,XTZUSDT,SANDUSDT,0.0,-4.78,-3.37,1.41,34
102,AAVEUSDT,SCRTUSDT,0.04,-3.39,-3.37,107.57,34
306,QNTUSDT,BNBUSDT,0.03,-3.52,-3.37,0.47,34
315,QNTUSDT,CROUSDT,0.04,-3.44,-3.37,1817.2,34
413,RSS3USDT,BSVUSDT,0.0,-4.63,-3.37,0.0,34
471,STXUSDT,BITUSDT,0.0,-4.32,-3.37,0.53,34
429,RUNEUSDT,MANAUSDT,0.01,-3.83,-3.37,2.47,33
476,STXUSDT,GMXUSDT,0.01,-3.95,-3.37,0.01,33
162,ACHUSDT,CTCUSDT,0.0,-6.04,-3.37,0.02,33
604,XEMUSDT,ETCUSDT,0.0,-4.14,-3.37,0.0,33
590,XEMUSDT,BOBAUSDT,0.03,-3.53,-3.37,0.18,33
374,RENUSDT,GMXUSDT,0.05,-3.38,-3.37,0.0,33
447,SFPUSDT,IOTXUSDT,0.02,-3.64,-3.37,15.79,32
478,STXUSDT,JASMYUSDT,0.0,-4.6,-3.37,53.28,32
480,STXUSDT,OGNUSDT,0.03,-3.59,-3.37,2.32,32
481,STXUSDT,ONEUSDT,0.0,-4.3,-3.37,15.55,32
60,1INCHUSDT,MINAUSDT,0.0,-4.59,-3.37,0.88,32
494,TOMOUSDT,DUSKUSDT,0.0,-4.72,-3.37,3.26,32
432,RUNEUSDT,RSS3USDT,0.0,-4.2,-3.37,13.46,32
407,RSS3USDT,10000NFTUSDT,0.04,-3.39,-3.37,28.06,32
489,TOMOUSDT,BELUSDT,0.01,-3.83,-3.37,0.66,31
288,PEOPLEUSDT,XMRUSDT,0.01,-4.09,-3.37,0.0,31
622,XMRUSDT,ANKRUSDT,0.01,-3.78,-3.37,7202.63,31
436,RVNUSDT,FXSUSDT,0.0,-4.42,-3.37,0.0,31
398,REQUSDT,MINAUSDT,0.01,-3.82,-3.37,0.19,31
595,XEMUSDT,COMPUSDT,0.03,-3.55,-3.37,0.0,31
462,SOLUSDT,REQUSDT,0.02,-3.61,-3.37,225.16,31
568,WAVESUSDT,COMPUSDT,0.0,-4.3,-3.37,0.04,31
663,ZECUSDT,KNCUSDT,0.02,-3.72,-3.37,57.97,31
378,RENUSDT,LRCUSDT,0.01,-3.95,-3.37,0.28,30
69,AAVEUSDT,ANKRUSDT,0.04,-3.47,-3.37,3521.05,30
391,REQUSDT,DODOUSDT,0.02,-3.6,-3.37,0.87,30
289,PEOPLEUSDT,ZENUSDT,0.0,-4.82,-3.37,0.0,30
581,XEMUSDT,ARPAUSDT,0.0,-4.66,-3.37,1.09,30
657,XTZUSDT,LDOUSDT,0.04,-3.4,-3.37,0.48,30
414,RSS3USDT,CELUSDT,0.0,-4.43,-3.37,0.21,30
339,QNTUSDT,JSTUSDT,0.01,-3.98,-3.37,5793.46,30
565,VETUSDT,OGNUSDT,0.02,-3.64,-3.37,0.18,30
363,RENUSDT,CELUSDT,0.02,-3.66,-3.37,0.13,30
601,XEMUSDT,DENTUSDT,0.0,-4.82,-3.37,42.06,30
458,SNXUSDT,FXSUSDT,0.03,-3.57,-3.37,0.24,29
79,AAVEUSDT,CVXUSDT,0.01,-3.87,-3.37,16.71,29
302,QNTUSDT,BALUSDT,0.03,-3.56,-3.37,20.76,29
351,QTUMUSDT,ANKRUSDT,0.03,-3.55,-3.37,102.17,29
472,STXUSDT,BNBUSDT,0.0,-4.17,-3.37,0.0,29
285,PEOPLEUSDT,UNIUSDT,0.0,-4.46,-3.37,0.0,29
254,PEOPLEUSDT,1000LUNCUSDT,0.01,-3.93,-3.37,0.15,29
417,RSS3USDT,CTCUSDT,0.0,-4.18,-3.37,0.23,29
0,10000NFTUSDT,AKROUSDT,0.01,-3.95,-3.37,1.34,29
559,VETUSDT,FLMUSDT,0.01,-4.07,-3.37,0.23,29
666,ZRXUSDT,ADAUSDT,0.02,-3.67,-3.37,0.6,29
641,XNOUSDT,ONEUSDT,0.02,-3.61,-3.37,45.07,29
68,AAVEUSDT,ALPHAUSDT,0.01,-3.84,-3.37,699.89,29
58,1INCHUSDT,KDAUSDT,0.0,-4.78,-3.37,0.43,29
3,10000NFTUSDT,COMPUSDT,0.02,-3.7,-3.37,0.0,29
673,ZRXUSDT,CRVUSDT,0.03,-3.5,-3.37,0.22,29
625,XMRUSDT,AVAXUSDT,0.01,-3.92,-3.37,10.09,29
372,RENUSDT,ETCUSDT,0.01,-3.9,-3.37,0.0,28
643,XRPUSDT,BATUSDT,0.0,-4.52,-3.37,1.66,28
672,ZRXUSDT,CEEKUSDT,0.0,-4.8,-3.37,2.06,28
366,RENUSDT,COMPUSDT,0.01,-3.82,-3.37,0.0,28
442,SFPUSDT,CELUSDT,0.0,-5.6,-3.37,0.72,28
90,AAVEUSDT,KSMUSDT,0.01,-4.0,-3.37,2.44,28
682,ZRXUSDT,KLAYUSDT,0.0,-4.19,-3.37,1.1,28
410,RSS3USDT,AVAXUSDT,0.03,-3.48,-3.37,0.01,28
332,QNTUSDT,GRTUSDT,0.02,-3.65,-3.37,1695.27,28
271,PEOPLEUSDT,LTCUSDT,0.01,-3.89,-3.37,0.0,28
453,SFPUSDT,WAVESUSDT,0.0,-4.18,-3.37,0.2,28
268,PEOPLEUSDT,LINKUSDT,0.04,-3.42,-3.37,0.0,28
265,PEOPLEUSDT,ENSUSDT,0.03,-3.55,-3.37,0.0,28
492,TOMOUSDT,DARUSDT,0.01,-4.02,-3.37,2.11,28
78,AAVEUSDT,CVCUSDT,0.03,-3.58,-3.37,803.07,28
482,SWEATUSDT,BATUSDT,0.01,-3.84,-3.37,0.05,28
683,ZRXUSDT,LITUSDT,0.0,-5.61,-3.37,0.23,28
380,RENUSDT,OGNUSDT,0.04,-3.38,-3.37,0.67,27
74,AAVEUSDT,CEEKUSDT,0.02,-3.63,-3.37,804.89,27
665,ZENUSDT,BANDUSDT,0.0,-4.17,-3.37,5.62,27
316,QNTUSDT,CTCUSDT,0.02,-3.65,-3.37,253.31,27
308,QNTUSDT,BSVUSDT,0.01,-3.84,-3.37,3.17,27
680,ZRXUSDT,ICPUSDT,0.0,-4.3,-3.37,0.04,27
591,XEMUSDT,BSVUSDT,0.02,-3.74,-3.37,0.0,27
276,PEOPLEUSDT,REEFUSDT,0.01,-3.86,-3.37,8.73,27
275,PEOPLEUSDT,MKRUSDT,0.02,-3.72,-3.37,0.0,27
252,MKRUSDT,1000LUNCUSDT,0.0,-4.36,-3.37,3927.12,27
196,ACHUSDT,HNTUSDT,0.0,-4.71,-3.37,0.0,27
383,RENUSDT,STXUSDT,0.03,-3.55,-3.37,0.29,27
456,SLPUSDT,BITUSDT,0.03,-3.56,-3.37,0.01,27
430,RUNEUSDT,MKRUSDT,0.04,-3.41,-3.37,0.0,27
564,VETUSDT,NEOUSDT,0.03,-3.49,-3.37,0.0,27
509,TRBUSDT,JASMYUSDT,0.0,-4.17,-3.37,2968.69,27
48,1000XECUSDT,SCUSDT,0.02,-3.72,-3.37,10.24,27
448,SFPUSDT,LRCUSDT,0.0,-4.37,-3.37,1.6,27
416,RSS3USDT,CROUSDT,0.0,-4.29,-3.37,1.66,27
514,TRXUSDT,COMPUSDT,0.04,-3.47,-3.37,0.0,26
675,ZRXUSDT,CVXUSDT,0.03,-3.58,-3.37,0.04,26
667,ZRXUSDT,ANKRUSDT,0.0,-4.56,-3.37,9.03,26
165,ACHUSDT,CVCUSDT,0.0,-4.16,-3.37,0.11,26
685,ZRXUSDT,NEARUSDT,0.03,-3.49,-3.37,0.09,26
345,QNTUSDT,LTCUSDT,0.0,-4.28,-3.37,1.61,26
156,ACHUSDT,CKBUSDT,0.0,-9.66,-3.37,3.49,26
486,TOMOUSDT,ALICEUSDT,0.05,-3.37,-3.37,0.22,26
119,ACHUSDT,AKROUSDT,0.0,-4.7,-3.37,3.29,26
594,XEMUSDT,CHZUSDT,0.0,-4.43,-3.37,0.27,26
578,XEMUSDT,AGLDUSDT,0.04,-3.45,-3.37,0.11,26
234,ALICEUSDT,1INCHUSDT,0.02,-3.76,-3.37,3.08,26
469,STXUSDT,BAKEUSDT,0.02,-3.74,-3.37,1.62,26
499,TOMOUSDT,MINAUSDT,0.01,-3.9,-3.37,0.6,26
615,XEMUSDT,LRCUSDT,0.01,-3.91,-3.37,0.13,26
427,RUNEUSDT,1000LUNCUSDT,0.01,-3.91,-3.37,9.79,25
531,UNIUSDT,MANAUSDT,0.02,-3.66,-3.37,9.32,25
314,QNTUSDT,COMPUSDT,0.02,-3.71,-3.37,2.74,25
562,VETUSDT,LTCUSDT,0.01,-4.06,-3.37,0.0,25
576,XEMUSDT,10000NFTUSDT,0.04,-3.42,-3.37,7.99,25
431,RUNEUSDT,PEOPLEUSDT,0.03,-3.59,-3.37,64.89,25
517,UNIUSDT,ADAUSDT,0.0,-4.26,-3.37,18.31,25
381,RENUSDT,ONEUSDT,0.01,-3.88,-3.37,4.48,25
281,PEOPLEUSDT,STMXUSDT,0.02,-3.76,-3.37,5.13,25
567,WAVESUSDT,CELOUSDT,0.0,-5.85,-3.37,3.27,25
267,PEOPLEUSDT,FLMUSDT,0.01,-4.08,-3.37,0.29,25
259,PEOPLEUSDT,BELUSDT,0.01,-4.06,-3.37,0.05,25
262,PEOPLEUSDT,CVCUSDT,0.01,-3.93,-3.37,0.25,24
455,SFPUSDT,ZILUSDT,0.0,-4.94,-3.37,16.44,24
199,ACHUSDT,ICXUSDT,0.01,-4.06,-3.37,0.06,24
583,XEMUSDT,AVAXUSDT,0.0,-4.64,-3.37,0.0,24
504,TRBUSDT,BANDUSDT,0.0,-4.2,-3.37,8.07,24
445,SFPUSDT,CTCUSDT,0.01,-3.92,-3.37,0.8,24
443,SFPUSDT,COMPUSDT,0.0,-5.36,-3.37,0.01,24
307,QNTUSDT,BOBAUSDT,0.02,-3.61,-3.37,673.22,24
395,REQUSDT,LPTUSDT,0.02,-3.62,-3.37,0.02,24
313,QNTUSDT,CHZUSDT,0.01,-3.89,-3.37,1039.5,24
323,QNTUSDT,DOGEUSDT,0.03,-3.47,-3.37,1644.98,24
422,RSS3USDT,LRCUSDT,0.0,-4.28,-3.37,0.46,24
341,QNTUSDT,LINKUSDT,0.0,-4.21,-3.37,20.65,24
356,REEFUSDT,1INCHUSDT,0.04,-3.41,-3.37,0.01,24
619,XEMUSDT,ONEUSDT,0.02,-3.6,-3.37,2.1,24
573,WOOUSDT,MANAUSDT,0.04,-3.47,-3.37,0.28,24
408,RSS3USDT,1000LUNCUSDT,0.01,-4.04,-3.37,0.73,24
609,XEMUSDT,GRTUSDT,0.0,-4.38,-3.37,0.44,24
688,ZRXUSDT,OMGUSDT,0.04,-3.44,-3.37,0.16,24
114,ACHUSDT,1000XECUSDT,0.01,-4.1,-3.37,0.37,24
31,1000BTTUSDT,LINKUSDT,0.04,-3.47,-3.37,0.0,24
89,AAVEUSDT,JSTUSDT,0.03,-3.54,-3.37,3467.95,24
19,1000BTTUSDT,CVCUSDT,0.01,-3.77,-3.37,0.01,24
106,AAVEUSDT,STORJUSDT,0.03,-3.54,-3.37,241.38,24
677,ZRXUSDT,DOTUSDT,0.01,-3.89,-3.37,0.04,23
645,XRPUSDT,DASHUSDT,0.03,-3.57,-3.37,0.01,23
291,QNTUSDT,1000BTTUSDT,0.04,-3.45,-3.37,190850.56,23
269,PEOPLEUSDT,LOOKSUSDT,0.0,-4.52,-3.37,0.13,23
397,REQUSDT,MANAUSDT,0.04,-3.43,-3.37,0.15,23
64,1INCHUSDT,RSRUSDT,0.02,-3.69,-3.37,122.89,23
512,TRXUSDT,CELOUSDT,0.0,-4.3,-3.37,0.09,23
27,1000BTTUSDT,ETHWUSDT,0.01,-4.04,-3.37,0.0,23
630,XMRUSDT,C98USDT,0.02,-3.59,-3.37,779.07,23
347,QNTUSDT,MKRUSDT,0.01,-3.85,-3.37,0.2,23
463,SOLUSDT,UNIUSDT,0.04,-3.39,-3.37,3.59,23
446,SFPUSDT,DENTUSDT,0.02,-3.66,-3.37,509.35,23
4,10000NFTUSDT,CROUSDT,0.01,-3.81,-3.37,0.06,23
49,1000XECUSDT,YFIUSDT,0.01,-3.94,-3.37,0.0,23
557,VETUSDT,CVCUSDT,0.01,-3.79,-3.37,0.21,22
626,XMRUSDT,BALUSDT,0.03,-3.58,-3.37,25.42,22
309,QNTUSDT,BSWUSDT,0.01,-3.87,-3.37,718.53,22
295,QNTUSDT,AKROUSDT,0.02,-3.63,-3.37,41115.31,22
633,XNOUSDT,BITUSDT,0.03,-3.55,-3.37,1.53,22
207,ACHUSDT,JSTUSDT,0.01,-4.02,-3.37,0.46,22
369,RENUSDT,DENTUSDT,0.0,-4.45,-3.37,89.8,22
507,TRBUSDT,DGBUSDT,0.02,-3.73,-3.37,1508.91,22
225,ACHUSDT,MATICUSDT,0.0,-5.09,-3.37,0.01,22
379,RENUSDT,MINAUSDT,0.04,-3.41,-3.37,0.14,22
23,1000BTTUSDT,DUSKUSDT,0.01,-3.89,-3.37,0.01,22
311,QNTUSDT,CELUSDT,0.01,-3.79,-3.37,228.11,22
473,STXUSDT,CELOUSDT,0.0,-4.29,-3.37,0.39,22
176,ACHUSDT,EGLDUSDT,0.01,-4.11,-3.37,0.0,22
592,XEMUSDT,C98USDT,0.0,-4.35,-3.37,0.17,22
589,XEMUSDT,BNBUSDT,0.03,-3.52,-3.37,0.0,22
444,SFPUSDT,CROUSDT,0.0,-4.17,-3.37,5.74,22
173,ACHUSDT,DOTUSDT,0.01,-4.08,-3.37,0.0,22
454,SFPUSDT,XEMUSDT,0.02,-3.73,-3.37,12.11,22
103,AAVEUSDT,SCUSDT,0.04,-3.41,-3.37,28422.79,22
418,RSS3USDT,DENTUSDT,0.0,-4.14,-3.37,147.69,22
71,AAVEUSDT,ARUSDT,0.03,-3.56,-3.37,8.99,22
73,AAVEUSDT,BTCUSDT,0.03,-3.51,-3.37,0.0,22
587,XEMUSDT,BITUSDT,0.01,-4.07,-3.37,0.07,22
558,VETUSDT,DARUSDT,0.01,-4.09,-3.37,0.14,21
563,VETUSDT,MINAUSDT,0.02,-3.62,-3.37,0.04,21
274,PEOPLEUSDT,MINAUSDT,0.02,-3.68,-3.37,0.05,21
272,PEOPLEUSDT,LUNA2USDT,0.01,-3.77,-3.37,0.01,21
40,1000XECUSDT,BICOUSDT,0.03,-3.57,-3.37,0.09,21
241,DOGEUSDT,1000XECUSDT,0.04,-3.39,-3.37,2.82,21
263,PEOPLEUSDT,DUSKUSDT,0.01,-3.85,-3.37,0.26,21
266,PEOPLEUSDT,ETCUSDT,0.01,-3.99,-3.37,0.0,21
624,XMRUSDT,ARUSDT,0.03,-3.57,-3.37,18.39,21
280,PEOPLEUSDT,SCRTUSDT,0.0,-4.15,-3.37,0.03,21
516,TRXUSDT,DENTUSDT,0.04,-3.46,-3.37,70.88,21
593,XEMUSDT,CELOUSDT,0.0,-4.4,-3.37,0.05,21
549,USDCUSDT,MATICUSDT,0.0,-5.0,-3.37,1.01,21
375,RENUSDT,JASMYUSDT,0.02,-3.69,-3.37,15.36,21
650,XTZUSDT,ADAUSDT,0.02,-3.66,-3.37,2.95,21
627,XMRUSDT,BANDUSDT,0.02,-3.73,-3.37,91.74,21
671,ZRXUSDT,BTCUSDT,0.02,-3.64,-3.37,0.0,21
495,TOMOUSDT,EOSUSDT,0.04,-3.46,-3.37,0.32,21
496,TOMOUSDT,ETCUSDT,0.02,-3.6,-3.37,0.02,21
17,1000BTTUSDT,BLZUSDT,0.03,-3.51,-3.37,0.01,21
62,1INCHUSDT,OMGUSDT,0.0,-4.26,-3.37,0.37,21
53,1INCHUSDT,BLZUSDT,0.02,-3.72,-3.37,7.56,21
2,10000NFTUSDT,CELOUSDT,0.0,-5.32,-3.37,0.01,21
338,QNTUSDT,IOTXUSDT,0.04,-3.42,-3.37,4995.98,21
150,ACHUSDT,CEEKUSDT,0.0,-4.14,-3.37,0.11,20
87,AAVEUSDT,IOSTUSDT,0.02,-3.64,-3.37,8859.91,20
85,AAVEUSDT,ICPUSDT,0.01,-4.02,-3.37,15.67,20
157,ACHUSDT,COMPUSDT,0.0,-4.69,-3.37,0.0,20
107,AAVEUSDT,SUNUSDT,0.01,-3.77,-3.37,14456.33,20
468,STXUSDT,AUDIOUSDT,0.0,-5.31,-3.37,1.45,20
147,ACHUSDT,BSWUSDT,0.0,-4.14,-3.37,0.06,20
396,REQUSDT,LUNA2USDT,0.01,-3.92,-3.37,0.05,20
34,1000BTTUSDT,LTCUSDT,0.0,-4.13,-3.37,0.0,20
387,RENUSDT,XEMUSDT,0.0,-4.7,-3.37,2.13,20
279,PEOPLEUSDT,RSS3USDT,0.01,-3.95,-3.37,0.21,20
294,QNTUSDT,AGLDUSDT,0.01,-4.01,-3.37,433.71,20
508,TRBUSDT,ETCUSDT,0.04,-3.46,-3.37,0.69,20
43,1000XECUSDT,FLOWUSDT,0.02,-3.66,-3.37,0.03,20
300,QNTUSDT,AVAXUSDT,0.01,-3.9,-3.37,8.24,20
129,ACHUSDT,ARUSDT,0.01,-4.1,-3.37,0.0,20
426,RSS3USDT,OGNUSDT,0.04,-3.44,-3.37,1.1,20
450,SFPUSDT,RSS3USDT,0.01,-3.83,-3.37,3.45,20
670,ZRXUSDT,ASTRUSDT,0.02,-3.76,-3.37,4.71,20
172,ACHUSDT,DOGEUSDT,0.0,-4.11,-3.37,0.13,20
240,CVXUSDT,1000XECUSDT,0.01,-4.0,-3.37,165.96,20
637,XNOUSDT,GRTUSDT,0.03,-3.59,-3.37,9.5,20
618,XEMUSDT,OGNUSDT,0.03,-3.51,-3.37,0.31,20
204,ACHUSDT,IOTAUSDT,0.0,-4.11,-3.37,0.05,20
22,1000BTTUSDT,DODOUSDT,0.04,-3.39,-3.37,0.01,20
441,SFPUSDT,CELOUSDT,0.0,-5.09,-3.37,0.64,19
519,UNIUSDT,BAKEUSDT,0.03,-3.51,-3.37,39.12,19
239,CELUSDT,10000NFTUSDT,0.0,-5.21,-3.37,134.18,19
634,XNOUSDT,CELOUSDT,0.0,-4.56,-3.37,1.14,19
46,1000XECUSDT,IOTAUSDT,0.0,-4.59,-3.37,0.14,19
616,XEMUSDT,LTCUSDT,0.02,-3.71,-3.37,0.0,19
290,QNTUSDT,10000NFTUSDT,0.02,-3.75,-3.37,30624.75,19
535,USDCUSDT,BANDUSDT,0.02,-3.74,-3.37,0.53,19
529,UNIUSDT,LOOKSUSDT,0.0,-4.11,-3.37,31.57,19
570,WAVESUSDT,IOTXUSDT,0.04,-3.38,-3.37,80.43,19
286,PEOPLEUSDT,VETUSDT,0.04,-3.44,-3.37,1.24,19
505,TRBUSDT,COMPUSDT,0.02,-3.63,-3.37,0.29,19
586,XEMUSDT,BICOUSDT,0.01,-3.79,-3.37,0.11,19
20,1000BTTUSDT,DARUSDT,0.02,-3.72,-3.37,0.0,19
497,TOMOUSDT,LINAUSDT,0.02,-3.67,-3.37,50.69,19
25,1000BTTUSDT,ENSUSDT,0.04,-3.42,-3.37,0.0,19
474,STXUSDT,CELRUSDT,0.0,-4.25,-3.37,19.15,19
488,TOMOUSDT,BAKEUSDT,0.01,-4.06,-3.37,2.01,19
365,RENUSDT,CHZUSDT,0.01,-3.83,-3.37,0.58,19
321,QNTUSDT,DENTUSDT,0.02,-3.77,-3.37,161218.14,18
57,1INCHUSDT,DOGEUSDT,0.03,-3.56,-3.37,5.77,18
132,ACHUSDT,AVAXUSDT,0.01,-4.09,-3.37,0.0,18
544,USDCUSDT,ETCUSDT,0.01,-3.82,-3.37,0.05,18
553,USDCUSDT,RENUSDT,0.04,-3.42,-3.37,12.8,18
548,USDCUSDT,MANAUSDT,0.02,-3.7,-3.37,1.43,18
105,AAVEUSDT,STMXUSDT,0.01,-3.77,-3.37,16150.22,18
412,RSS3USDT,BOBAUSDT,0.03,-3.56,-3.37,0.62,18
310,QNTUSDT,C98USDT,0.02,-3.66,-3.37,635.97,18
317,QNTUSDT,CTKUSDT,0.04,-3.45,-3.37,181.16,18
138,ACHUSDT,BCHUSDT,0.01,-4.06,-3.37,0.0,18
409,RSS3USDT,AGLDUSDT,0.01,-3.99,-3.37,0.4,18
336,QNTUSDT,IOSTUSDT,0.01,-3.77,-3.37,14799.4,18
644,XRPUSDT,BCHUSDT,0.03,-3.49,-3.37,0.0,18
160,ACHUSDT,CROUSDT,0.0,-4.7,-3.37,0.15,18
654,XTZUSDT,BTCUSDT,0.0,-4.44,-3.37,0.0,18
59,1INCHUSDT,LDOUSDT,0.04,-3.39,-3.37,0.22,18
113,ACHUSDT,1000LUNCUSDT,0.0,-4.22,-3.37,0.06,18
367,RENUSDT,CROUSDT,0.01,-3.92,-3.37,1.01,18
487,TOMOUSDT,AVAXUSDT,0.05,-3.37,-3.37,0.02,18
358,RENUSDT,ARPAUSDT,0.01,-3.84,-3.37,2.32,18
357,RENUSDT,AKROUSDT,0.01,-3.78,-3.37,22.9,18
110,ACHUSDT,10000NFTUSDT,0.0,-4.7,-3.37,2.45,18
485,SWEATUSDT,LDOUSDT,0.0,-4.58,-3.37,0.01,18
51,1INCHUSDT,ADAUSDT,0.03,-3.57,-3.37,1.38,18
188,ACHUSDT,GALAUSDT,0.0,-4.55,-3.37,0.23,18
11,1000BTTUSDT,1000LUNCUSDT,0.02,-3.63,-3.37,0.0,18
108,AAVEUSDT,SXPUSDT,0.04,-3.46,-3.37,310.72,18
527,UNIUSDT,GTCUSDT,0.01,-3.83,-3.37,4.06,18
631,XNOUSDT,ALGOUSDT,0.04,-3.43,-3.37,3.36,18
424,RSS3USDT,MANAUSDT,0.0,-4.42,-3.37,0.18,18
215,ACHUSDT,LINKUSDT,0.01,-4.08,-3.37,0.0,18
433,RUNEUSDT,USDCUSDT,0.01,-4.0,-3.37,1.73,18
603,XEMUSDT,EOSUSDT,0.0,-4.43,-3.37,0.04,18
81,AAVEUSDT,EGLDUSDT,0.04,-3.4,-3.37,2.01,18
220,ACHUSDT,LTCUSDT,0.0,-4.14,-3.37,0.0,18
437,RVNUSDT,KNCUSDT,0.0,-4.17,-3.37,0.03,18
282,PEOPLEUSDT,SUSHIUSDT,0.02,-3.68,-3.37,0.02,18
154,ACHUSDT,CHRUSDT,0.0,-4.13,-3.37,0.08,18
95,AAVEUSDT,MTLUSDT,0.03,-3.49,-3.37,93.44,18
169,ACHUSDT,DENTUSDT,0.0,-4.46,-3.37,12.88,18
97,AAVEUSDT,ONTUSDT,0.04,-3.43,-3.37,420.81,18
617,XEMUSDT,MINAUSDT,0.01,-3.92,-3.37,0.07,18
148,ACHUSDT,BTCUSDT,0.01,-4.01,-3.37,0.0,18
305,QNTUSDT,BLZUSDT,0.01,-3.79,-3.37,2153.83,18
304,QNTUSDT,BELUSDT,0.03,-3.56,-3.37,277.11,18
7,10000NFTUSDT,LRCUSDT,0.0,-4.15,-3.37,0.02,17
394,REQUSDT,LOOKSUSDT,0.01,-3.9,-3.37,0.5,17
483,SWEATUSDT,BCHUSDT,0.0,-4.35,-3.37,0.0,17
270,PEOPLEUSDT,LPTUSDT,0.03,-3.57,-3.37,0.0,17
632,XNOUSDT,ALICEUSDT,0.04,-3.46,-3.37,0.52,17
63,1INCHUSDT,ROSEUSDT,0.01,-4.02,-3.37,9.89,17
111,ACHUSDT,1000BONKUSDT,0.0,-4.85,-3.37,8.97,17
525,UNIUSDT,DUSKUSDT,0.03,-3.54,-3.37,63.57,17
5,10000NFTUSDT,DENTUSDT,0.01,-4.09,-3.37,5.26,17
242,GALAUSDT,10000NFTUSDT,0.04,-3.43,-3.37,10.64,17
623,XMRUSDT,ARPAUSDT,0.02,-3.71,-3.37,5101.55,17
528,UNIUSDT,LINAUSDT,0.0,-4.8,-3.37,987.22,17
560,VETUSDT,IOSTUSDT,0.02,-3.66,-3.37,2.26,17
278,PEOPLEUSDT,ROSEUSDT,0.02,-3.65,-3.37,0.54,17
639,XNOUSDT,KDAUSDT,0.01,-3.93,-3.37,0.69,17
28,1000BTTUSDT,HOTUSDT,0.02,-3.75,-3.37,0.37,17
503,TRBUSDT,BAKEUSDT,0.01,-3.86,-3.37,90.47,17
511,TRXUSDT,AGLDUSDT,0.02,-3.6,-3.37,0.19,17
678,ZRXUSDT,EGLDUSDT,0.02,-3.62,-3.37,0.01,17
9,10000NFTUSDT,ZILUSDT,0.01,-4.06,-3.37,0.17,17
377,RENUSDT,LPTUSDT,0.03,-3.59,-3.37,0.01,17
620,XMRUSDT,ADAUSDT,0.02,-3.74,-3.37,481.4,17
10,1000BONKUSDT,HNTUSDT,0.02,-3.7,-3.37,0.0,17
607,XEMUSDT,GMTUSDT,0.04,-3.42,-3.37,0.07,16
88,AAVEUSDT,IOTAUSDT,0.03,-3.48,-3.37,387.84,16
189,ACHUSDT,GALUSDT,0.0,-4.31,-3.37,0.01,16
364,RENUSDT,CHRUSDT,0.04,-3.38,-3.37,0.55,16
155,ACHUSDT,CHZUSDT,0.0,-4.39,-3.37,0.08,16
647,XRPUSDT,LDOUSDT,0.01,-4.05,-3.37,0.18,16
606,XEMUSDT,GALAUSDT,0.04,-3.4,-3.37,0.75,16
168,ACHUSDT,DASHUSDT,0.01,-4.02,-3.37,0.0,16
582,XEMUSDT,AUDIOUSDT,0.02,-3.69,-3.37,0.2,16
179,ACHUSDT,ETCUSDT,0.0,-4.25,-3.37,0.0,16
611,XEMUSDT,JASMYUSDT,0.01,-3.98,-3.37,7.19,16
143,ACHUSDT,BNBUSDT,0.0,-4.25,-3.37,0.0,16
551,USDCUSDT,PEOPLEUSDT,0.01,-3.77,-3.37,37.5,16
298,QNTUSDT,ARPAUSDT,0.03,-3.54,-3.37,4165.39,16
42,1000XECUSDT,DARUSDT,0.03,-3.52,-3.37,0.19,16
227,ACHUSDT,MKRUSDT,0.0,-4.29,-3.37,0.0,16
67,1INCHUSDT,XLMUSDT,0.01,-3.92,-3.37,5.56,16
539,USDCUSDT,COMPUSDT,0.0,-5.7,-3.37,0.02,16
101,AAVEUSDT,SANDUSDT,0.01,-3.86,-3.37,112.14,16
461,SOLUSDT,LOOKSUSDT,0.01,-3.85,-3.37,113.55,16
411,RSS3USDT,BANDUSDT,0.02,-3.69,-3.37,0.07,16
185,ACHUSDT,FLOWUSDT,0.01,-4.09,-3.37,0.01,16
334,QNTUSDT,HOTUSDT,0.04,-3.43,-3.37,70899.24,16
210,ACHUSDT,KLAYUSDT,0.0,-4.12,-3.37,0.06,16
230,ACHUSDT,NEOUSDT,0.01,-4.1,-3.37,0.0,16
614,XEMUSDT,LPTUSDT,0.0,-4.76,-3.37,0.01,16
580,XEMUSDT,ALICEUSDT,0.01,-3.79,-3.37,0.02,16
464,SOLUSDT,WOOUSDT,0.01,-3.89,-3.37,118.92,15
470,STXUSDT,BICOUSDT,0.0,-4.55,-3.37,0.8,15
6,10000NFTUSDT,JASMYUSDT,0.05,-3.37,-3.37,0.9,15
16,1000BTTUSDT,BALUSDT,0.02,-3.65,-3.37,0.0,15
86,AAVEUSDT,IMXUSDT,0.01,-3.79,-3.37,134.25,15
684,ZRXUSDT,MASKUSDT,0.0,-4.23,-3.37,0.07,15
66,1INCHUSDT,UNFIUSDT,0.01,-4.01,-3.37,0.1,15
681,ZRXUSDT,IMXUSDT,0.03,-3.58,-3.37,0.34,15
386,RENUSDT,VETUSDT,0.03,-3.5,-3.37,3.64,15
384,RENUSDT,TRBUSDT,0.04,-3.44,-3.37,0.01,15
515,TRXUSDT,CROUSDT,0.0,-4.32,-3.37,0.8,15
524,UNIUSDT,DODOUSDT,0.01,-4.0,-3.37,54.32,15
261,PEOPLEUSDT,COMPUSDT,0.02,-3.68,-3.37,0.0,15
523,UNIUSDT,CVXUSDT,0.02,-3.6,-3.37,1.3,15
520,UNIUSDT,BELUSDT,0.02,-3.7,-3.37,12.91,15
47,1000XECUSDT,KDAUSDT,0.01,-3.84,-3.37,0.03,15
498,TOMOUSDT,LPTUSDT,0.01,-3.79,-3.37,0.05,15
287,PEOPLEUSDT,XEMUSDT,0.03,-3.54,-3.37,0.73,15
244,ICXUSDT,1000XECUSDT,0.01,-4.05,-3.37,6.48,15
575,WOOUSDT,REQUSDT,0.01,-3.97,-3.37,1.89,15
55,1INCHUSDT,CTSIUSDT,0.01,-3.95,-3.37,3.7,15
537,USDCUSDT,CELOUSDT,0.02,-3.66,-3.37,1.45,15
255,PEOPLEUSDT,ADAUSDT,0.03,-3.57,-3.37,0.07,15
329,QNTUSDT,FLMUSDT,0.01,-3.79,-3.37,1503.85,14
534,USDCUSDT,1000LUNCUSDT,0.04,-3.44,-3.37,5.66,14
420,RSS3USDT,FLMUSDT,0.02,-3.73,-3.37,1.38,14
600,XEMUSDT,DARUSDT,0.0,-4.22,-3.37,0.23,14
219,ACHUSDT,LRCUSDT,0.0,-4.52,-3.37,0.04,14
146,ACHUSDT,BSVUSDT,0.0,-4.49,-3.37,0.0,14
163,ACHUSDT,CTKUSDT,0.0,-4.16,-3.37,0.01,14
584,XEMUSDT,BAKEUSDT,0.0,-4.55,-3.37,0.22,14
238,CEEKUSDT,1INCHUSDT,0.04,-3.39,-3.37,0.21,14
237,CEEKUSDT,1000XECUSDT,0.05,-3.38,-3.37,3.45,14
236,AVAXUSDT,1INCHUSDT,0.05,-3.37,-3.37,34.6,14
613,XEMUSDT,LINAUSDT,0.01,-3.84,-3.37,5.53,14
80,AAVEUSDT,DOTUSDT,0.03,-3.55,-3.37,13.82,14
35,1000BTTUSDT,LUNA2USDT,0.04,-3.45,-3.37,0.0,14
99,AAVEUSDT,REEFUSDT,0.04,-3.46,-3.37,27508.87,14
144,ACHUSDT,BNXUSDT,0.0,-4.15,-3.37,0.0,14
117,ACHUSDT,ADAUSDT,0.01,-4.09,-3.37,0.03,14
349,QNTUSDT,OGNUSDT,0.02,-3.74,-3.37,1199.36,14
597,XEMUSDT,CTKUSDT,0.0,-4.12,-3.37,0.05,14
646,XRPUSDT,DOTUSDT,0.02,-3.62,-3.37,0.07,14
392,REQUSDT,LINAUSDT,0.03,-3.58,-3.37,15.76,14
123,ACHUSDT,ANKRUSDT,0.04,-3.43,-3.37,0.47,14
530,UNIUSDT,LUNA2USDT,0.0,-4.64,-3.37,3.09,13
359,RENUSDT,BAKEUSDT,0.01,-3.89,-3.37,0.47,13
490,TOMOUSDT,BLZUSDT,0.01,-4.1,-3.37,5.15,13
54,1INCHUSDT,COTIUSDT,0.05,-3.37,-3.37,6.39,13
370,RENUSDT,DGBUSDT,0.03,-3.54,-3.37,7.81,13
368,RENUSDT,DARUSDT,0.02,-3.64,-3.37,0.49,13
292,QNTUSDT,1000LUNCUSDT,0.01,-4.1,-3.37,793.09,13
362,RENUSDT,CELOUSDT,0.0,-6.54,-3.37,0.11,13
636,XNOUSDT,FLOWUSDT,0.03,-3.54,-3.37,0.73,13
346,QNTUSDT,MANAUSDT,0.04,-3.41,-3.37,200.04,13
552,USDCUSDT,QNTUSDT,0.02,-3.66,-3.37,0.01,13
547,USDCUSDT,LRCUSDT,0.01,-4.02,-3.37,3.6,13
399,REQUSDT,MKRUSDT,0.02,-3.63,-3.37,0.0,13
542,USDCUSDT,DENTUSDT,0.01,-3.86,-3.37,1149.8,13
540,USDCUSDT,CROUSDT,0.01,-4.08,-3.37,12.96,13
61,1INCHUSDT,NEARUSDT,0.01,-3.8,-3.37,0.22,13
635,XNOUSDT,DARUSDT,0.03,-3.51,-3.37,4.96,13
479,STXUSDT,KDAUSDT,0.04,-3.42,-3.37,0.24,13
404,RNDRUSDT,LDOUSDT,0.04,-3.41,-3.37,0.29,13
629,XMRUSDT,BLZUSDT,0.04,-3.44,-3.37,2638.41,13
605,XEMUSDT,FLMUSDT,0.0,-4.66,-3.37,0.39,12
29,1000BTTUSDT,IOSTUSDT,0.04,-3.41,-3.37,0.08,12
493,TOMOUSDT,DOGEUSDT,0.02,-3.64,-3.37,3.93,12
36,1000BTTUSDT,MANAUSDT,0.0,-4.15,-3.37,0.0,12
465,SOLUSDT,ZILUSDT,0.04,-3.38,-3.37,871.13,12
679,ZRXUSDT,FILUSDT,0.02,-3.65,-3.37,0.04,12
572,WOOUSDT,1000BTTUSDT,0.03,-3.56,-3.37,268.41,12
21,1000BTTUSDT,DASHUSDT,0.01,-3.97,-3.37,0.0,12
451,SFPUSDT,TWTUSDT,0.0,-5.17,-3.37,0.29,12
72,AAVEUSDT,BSWUSDT,0.02,-3.6,-3.37,430.11,12
533,USDCUSDT,10000NFTUSDT,0.04,-3.41,-3.37,218.51,12
52,1INCHUSDT,BCHUSDT,0.04,-3.45,-3.37,0.0,12
15,1000BTTUSDT,BAKEUSDT,0.04,-3.45,-3.37,0.0,12
502,TOMOUSDT,ZILUSDT,0.02,-3.6,-3.37,12.44,12
536,USDCUSDT,BSVUSDT,0.0,-4.2,-3.37,0.02,12
344,QNTUSDT,LPTUSDT,0.01,-3.93,-3.37,22.77,12
330,QNTUSDT,GALAUSDT,0.02,-3.6,-3.37,2874.91,12
116,ACHUSDT,AAVEUSDT,0.04,-3.42,-3.37,0.0,12
340,QNTUSDT,LINAUSDT,0.04,-3.4,-3.37,21182.65,12
423,RSS3USDT,LUNA2USDT,0.03,-3.51,-3.37,0.06,12
243,GMXUSDT,1000XECUSDT,0.01,-3.92,-3.37,1629.44,12
128,ACHUSDT,ARPAUSDT,0.0,-4.21,-3.37,0.33,12
419,RSS3USDT,DUSKUSDT,0.03,-3.58,-3.37,1.25,12
228,ACHUSDT,MTLUSDT,0.01,-4.03,-3.37,0.01,12
226,ACHUSDT,MINAUSDT,0.01,-4.11,-3.37,0.02,12
350,QNTUSDT,OMGUSDT,0.05,-3.37,-3.37,106.37,12
211,ACHUSDT,KNCUSDT,0.0,-4.26,-3.37,0.01,12
206,ACHUSDT,JASMYUSDT,0.0,-4.3,-3.37,2.2,12
122,ACHUSDT,ALPHAUSDT,0.01,-4.01,-3.37,0.09,12
193,ACHUSDT,GRTUSDT,0.0,-4.18,-3.37,0.14,12
203,ACHUSDT,IOSTUSDT,0.0,-4.11,-3.37,1.18,12
373,RENUSDT,FLMUSDT,0.02,-3.67,-3.37,0.84,12
112,ACHUSDT,1000BTTUSDT,0.0,-4.21,-3.37,15.25,12
333,QNTUSDT,GTCUSDT,0.03,-3.57,-3.37,87.06,12
198,ACHUSDT,ICPUSDT,0.01,-4.09,-3.37,0.0,12
328,QNTUSDT,ETCUSDT,0.01,-3.95,-3.37,6.39,12
182,ACHUSDT,FILUSDT,0.01,-4.09,-3.37,0.0,12
91,AAVEUSDT,LITUSDT,0.0,-4.15,-3.37,89.57,12
296,QNTUSDT,ALGOUSDT,0.01,-3.77,-3.37,599.32,12
440,SFPUSDT,BSVUSDT,0.0,-5.26,-3.37,0.01,12
312,QNTUSDT,CHRUSDT,0.04,-3.43,-3.37,979.08,12
145,ACHUSDT,BOBAUSDT,0.0,-4.19,-3.37,0.05,12
166,ACHUSDT,CVXUSDT,0.04,-3.43,-3.37,0.0,12
319,QNTUSDT,DARUSDT,0.02,-3.65,-3.37,884.52,12
178,ACHUSDT,EOSUSDT,0.0,-4.17,-3.37,0.01,12
92,AAVEUSDT,LPTUSDT,0.04,-3.44,-3.37,13.63,12
131,ACHUSDT,AUDIOUSDT,0.0,-4.21,-3.37,0.06,12
181,ACHUSDT,ETHWUSDT,0.01,-4.1,-3.37,0.0,12
327,QNTUSDT,EOSUSDT,0.02,-3.67,-3.37,135.33,12
94,AAVEUSDT,MASKUSDT,0.04,-3.39,-3.37,28.55,12
543,USDCUSDT,DODOUSDT,0.04,-3.42,-3.37,8.31,11
320,QNTUSDT,DASHUSDT,0.03,-3.48,-3.37,2.77,11
612,XEMUSDT,KDAUSDT,0.01,-3.89,-3.37,0.03,11
354,QTUMUSDT,NEARUSDT,0.01,-3.85,-3.37,1.07,11
41,1000XECUSDT,CELRUSDT,0.0,-4.27,-3.37,2.14,11
686,ZRXUSDT,NEOUSDT,0.02,-3.68,-3.37,0.03,11
457,SLPUSDT,ICXUSDT,0.03,-3.58,-3.37,0.01,11
653,XTZUSDT,BALUSDT,0.03,-3.49,-3.37,0.16,11
434,RUNEUSDT,ZILUSDT,0.03,-3.57,-3.37,64.21,11
393,REQUSDT,LINKUSDT,0.02,-3.63,-3.37,0.02,11
655,XTZUSDT,DASHUSDT,0.02,-3.67,-3.37,0.02,11
152,ACHUSDT,CELRUSDT,0.0,-4.17,-3.37,0.79,10
167,ACHUSDT,DARUSDT,0.01,-4.09,-3.37,0.07,10
585,XEMUSDT,BANDUSDT,0.0,-4.23,-3.37,0.02,10
322,QNTUSDT,DODOUSDT,0.02,-3.62,-3.37,1166.04,10
195,ACHUSDT,HBARUSDT,0.0,-4.25,-3.37,0.18,10
324,QNTUSDT,DUSKUSDT,0.01,-3.98,-3.37,1364.57,10
149,ACHUSDT,C98USDT,0.0,-4.14,-3.37,0.05,10
674,ZRXUSDT,CTSIUSDT,0.01,-3.84,-3.37,1.62,10
331,QNTUSDT,GMXUSDT,0.01,-3.97,-3.37,2.84,10
190,ACHUSDT,GLMRUSDT,0.01,-4.09,-3.37,0.03,10
421,RSS3USDT,LOOKSUSDT,0.02,-3.65,-3.37,0.62,10
257,PEOPLEUSDT,BAKEUSDT,0.01,-4.07,-3.37,0.16,10
579,XEMUSDT,ALGOUSDT,0.0,-4.37,-3.37,0.16,10
608,XEMUSDT,GMXUSDT,0.01,-3.97,-3.37,0.0,10
550,USDCUSDT,MKRUSDT,0.01,-3.94,-3.37,0.0,10
142,ACHUSDT,BLZUSDT,0.01,-4.06,-3.37,0.17,10
136,ACHUSDT,BANDUSDT,0.0,-4.28,-3.37,0.01,10
555,VETUSDT,ALGOUSDT,0.04,-3.39,-3.37,0.09,10
137,ACHUSDT,BATUSDT,0.0,-4.2,-3.37,0.05,10
141,ACHUSDT,BITUSDT,0.0,-4.18,-3.37,0.02,10
303,QNTUSDT,BANDUSDT,0.04,-3.46,-3.37,74.9,10
38,1000BTTUSDT,NEOUSDT,0.05,-3.37,-3.37,0.0,10
561,VETUSDT,LDOUSDT,0.04,-3.41,-3.37,0.01,10
301,QNTUSDT,BAKEUSDT,0.03,-3.54,-3.37,839.65,10
299,QNTUSDT,AUDIOUSDT,0.01,-3.88,-3.37,750.62,10
235,AUDIOUSDT,1INCHUSDT,0.02,-3.69,-3.37,0.38,10
602,XEMUSDT,DUSKUSDT,0.01,-3.86,-3.37,0.36,10
159,ACHUSDT,CREAMUSDT,0.0,-5.71,-3.37,0.0,10
652,XTZUSDT,APEUSDT,0.03,-3.56,-3.37,0.2,10
566,WAVESUSDT,BSVUSDT,0.01,-3.85,-3.37,0.05,10
389,REQUSDT,API3USDT,0.01,-3.94,-3.37,0.07,10
200,ACHUSDT,ILVUSDT,0.01,-4.07,-3.37,0.0,10
120,ACHUSDT,ALGOUSDT,0.0,-4.13,-3.37,0.05,10
638,XNOUSDT,GTCUSDT,0.0,-4.15,-3.37,0.49,10
224,ACHUSDT,MASKUSDT,0.01,-4.1,-3.37,0.0,10
501,TOMOUSDT,XEMUSDT,0.01,-3.84,-3.37,9.16,10
125,ACHUSDT,APEUSDT,0.01,-4.09,-3.37,0.0,10
648,XRPUSDT,NEARUSDT,0.04,-3.46,-3.37,0.17,10
656,XTZUSDT,ETHUSDT,0.03,-3.57,-3.37,0.0,10
355,QTUMUSDT,NEOUSDT,0.04,-3.39,-3.37,0.31,9
554,USDCUSDT,RSS3USDT,0.0,-4.15,-3.37,7.79,9
651,XTZUSDT,ANTUSDT,0.03,-3.47,-3.37,0.37,9
438,RVNUSDT,ZECUSDT,0.02,-3.68,-3.37,0.0,9
500,TOMOUSDT,UNFIUSDT,0.01,-3.81,-3.37,0.07,9
687,ZRXUSDT,OCEANUSDT,0.01,-3.93,-3.37,0.73,9
621,XMRUSDT,ALGOUSDT,0.03,-3.51,-3.37,734.12,9
628,XMRUSDT,BELUSDT,0.03,-3.54,-3.37,339.45,9
676,ZRXUSDT,DOGEUSDT,0.04,-3.39,-3.37,2.53,9
428,RUNEUSDT,LOOKSUSDT,0.04,-3.4,-3.37,8.36,9
352,QTUMUSDT,APEUSDT,0.04,-3.39,-3.37,0.47,9
253,PAXGUSDT,KAVAUSDT,0.0,-4.87,-3.37,1891.29,9
183,ACHUSDT,FITFIUSDT,0.0,-9.99,-3.37,0.4,9
197,ACHUSDT,HOTUSDT,0.01,-4.06,-3.37,5.66,8
194,ACHUSDT,GTCUSDT,0.0,-4.16,-3.37,0.01,8
233,ACHUSDT,OMGUSDT,0.01,-4.09,-3.37,0.01,8
668,ZRXUSDT,API3USDT,0.03,-3.48,-3.37,0.15,8
449,SFPUSDT,MATICUSDT,0.02,-3.76,-3.37,0.45,8
161,ACHUSDT,CRVUSDT,0.01,-4.09,-3.37,0.01,8
158,ACHUSDT,COTIUSDT,0.01,-4.07,-3.37,0.15,8
232,ACHUSDT,OGNUSDT,0.0,-4.2,-3.37,0.1,8
30,1000BTTUSDT,LDOUSDT,0.03,-3.53,-3.37,0.0,8
191,ACHUSDT,GMTUSDT,0.0,-4.12,-3.37,0.02,8
186,ACHUSDT,FTMUSDT,0.01,-4.08,-3.37,0.03,8
231,ACHUSDT,OCEANUSDT,0.0,-4.17,-3.37,0.04,8
205,ACHUSDT,IOTXUSDT,0.0,-4.71,-3.37,0.4,8
213,ACHUSDT,LDOUSDT,0.01,-4.09,-3.37,0.01,8
192,ACHUSDT,GMXUSDT,0.0,-4.14,-3.37,0.0,8
151,ACHUSDT,CELOUSDT,0.0,-4.56,-3.37,0.02,8
452,SFPUSDT,USDCUSDT,0.03,-3.54,-3.37,0.44,8
293,QNTUSDT,1INCHUSDT,0.05,-3.38,-3.37,285.01,8
50,1000XECUSDT,YGGUSDT,0.02,-3.74,-3.37,0.12,8
124,ACHUSDT,ANTUSDT,0.0,-4.11,-3.37,0.0,8
109,AAVEUSDT,THETAUSDT,0.01,-3.8,-3.37,86.33,8
541,USDCUSDT,CTCUSDT,0.0,-4.48,-3.37,1.81,8
118,ACHUSDT,AGLDUSDT,0.0,-4.15,-3.37,0.03,8
100,AAVEUSDT,ROSEUSDT,0.03,-3.5,-3.37,1687.63,8
335,QNTUSDT,INJUSDT,0.04,-3.39,-3.37,81.54,8
134,ACHUSDT,BAKEUSDT,0.0,-4.22,-3.37,0.07,8
115,ACHUSDT,1INCHUSDT,0.01,-4.11,-3.37,0.02,8
337,QNTUSDT,IOTAUSDT,0.03,-3.53,-3.37,647.82,8
135,ACHUSDT,BALUSDT,0.01,-4.06,-3.37,0.0,8
343,QNTUSDT,LOOKSUSDT,0.04,-3.45,-3.37,677.26,8
139,ACHUSDT,BELUSDT,0.0,-4.13,-3.37,0.02,8
348,QNTUSDT,NEOUSDT,0.02,-3.64,-3.37,18.09,8
140,ACHUSDT,BICOUSDT,0.01,-4.05,-3.37,0.03,8
83,AAVEUSDT,FILUSDT,0.03,-3.48,-3.37,17.34,8
56,1INCHUSDT,CVXUSDT,0.01,-3.96,-3.37,0.1,8
353,QTUMUSDT,API3USDT,0.03,-3.5,-3.37,1.67,7
513,TRXUSDT,CELUSDT,0.0,-4.23,-3.37,0.1,7
360,RENUSDT,BELUSDT,0.02,-3.7,-3.37,0.15,7
371,RENUSDT,DUSKUSDT,0.04,-3.46,-3.37,0.76,7
382,RENUSDT,RSRUSDT,0.03,-3.59,-3.37,19.52,7
260,PEOPLEUSDT,BSVUSDT,0.02,-3.7,-3.37,0.0,7
521,UNIUSDT,CELOUSDT,0.04,-3.41,-3.37,9.45,7
401,RNDRUSDT,BATUSDT,0.02,-3.66,-3.37,2.66,7
658,XTZUSDT,LTCUSDT,0.04,-3.45,-3.37,0.01,7
45,1000XECUSDT,IMXUSDT,0.04,-3.4,-3.37,0.05,7
75,AAVEUSDT,COTIUSDT,0.04,-3.38,-3.37,1089.68,7
76,AAVEUSDT,CRVUSDT,0.01,-3.77,-3.37,86.61,7
459,SNXUSDT,ZECUSDT,0.01,-3.91,-3.37,0.05,7
574,WOOUSDT,OPUSDT,0.05,-3.37,-3.37,0.1,7
400,RNDRUSDT,ANKRUSDT,0.02,-3.7,-3.37,26.85,7
283,PEOPLEUSDT,TWTUSDT,0.0,-4.32,-3.37,0.02,7
214,ACHUSDT,LINAUSDT,0.0,-4.14,-3.37,1.69,6
223,ACHUSDT,MANAUSDT,0.0,-4.3,-3.37,0.02,6
170,ACHUSDT,DGBUSDT,0.0,-4.31,-3.37,1.12,6
506,TRBUSDT,DENTUSDT,0.01,-3.98,-3.37,17351.6,6
171,ACHUSDT,DODOUSDT,0.0,-4.15,-3.37,0.09,6
212,ACHUSDT,KSMUSDT,0.04,-3.39,-3.37,0.0,6
209,ACHUSDT,KDAUSDT,0.01,-4.09,-3.37,0.01,6
208,ACHUSDT,KAVAUSDT,0.0,-4.32,-3.37,0.01,6
180,ACHUSDT,ETHUSDT,0.01,-3.96,-3.37,0.0,6
121,ACHUSDT,ALICEUSDT,0.0,-4.12,-3.37,0.01,6
510,TRBUSDT,LRCUSDT,0.04,-3.47,-3.37,54.4,6
164,ACHUSDT,CTSIUSDT,0.01,-4.09,-3.37,0.08,6
153,ACHUSDT,CELUSDT,0.0,-4.59,-3.37,0.02,6
538,USDCUSDT,CELUSDT,0.0,-4.33,-3.37,1.63,6
33,1000BTTUSDT,LOOKSUSDT,0.03,-3.52,-3.37,0.0,6
342,QNTUSDT,LITUSDT,0.03,-3.49,-3.37,149.58,6
545,USDCUSDT,IOTXUSDT,0.0,-6.24,-3.37,35.63,6
588,XEMUSDT,BLZUSDT,0.01,-3.79,-3.37,0.56,6
546,USDCUSDT,LOOKSUSDT,0.03,-3.48,-3.37,4.83,6
32,1000BTTUSDT,LITUSDT,0.03,-3.55,-3.37,0.0,5
264,PEOPLEUSDT,DYDXUSDT,0.02,-3.69,-3.37,0.02,5
435,RVNUSDT,DASHUSDT,0.04,-3.38,-3.37,0.0,5
649,XRPUSDT,OCEANUSDT,0.05,-3.37,-3.37,1.34,5
376,RENUSDT,LINAUSDT,0.04,-3.41,-3.37,11.81,5
640,XNOUSDT,NEARUSDT,0.04,-3.42,-3.37,0.34,5
662,ZECUSDT,HBARUSDT,0.0,-4.11,-3.37,730.18,5
361,RENUSDT,BLZUSDT,0.04,-3.41,-3.37,1.2,5
13,1000BTTUSDT,API3USDT,0.0,-4.27,-3.37,0.0,5
598,XEMUSDT,CTSIUSDT,0.03,-3.57,-3.37,0.27,5
405,RNDRUSDT,SWEATUSDT,0.01,-4.01,-3.37,52.11,5
526,UNIUSDT,DYDXUSDT,0.01,-4.05,-3.37,4.23,5
460,SOLUSDT,API3USDT,0.02,-3.68,-3.37,16.14,5
284,PEOPLEUSDT,UNFIUSDT,0.03,-3.56,-3.37,0.01,5
77,AAVEUSDT,CTSIUSDT,0.05,-3.38,-3.37,630.32,4
201,ACHUSDT,IMXUSDT,0.01,-4.03,-3.37,0.02,4
126,ACHUSDT,API3USDT,0.01,-4.09,-3.37,0.01,4
229,ACHUSDT,NEARUSDT,0.01,-4.09,-3.37,0.0,4
610,XEMUSDT,GTCUSDT,0.03,-3.56,-3.37,0.02,4
577,XEMUSDT,1INCHUSDT,0.03,-3.49,-3.37,0.07,4
130,ACHUSDT,ASTRUSDT,0.01,-4.09,-3.37,0.24,4
218,ACHUSDT,LPTUSDT,0.0,-4.16,-3.37,0.0,4
217,ACHUSDT,LOOKSUSDT,0.0,-4.23,-3.37,0.05,4
216,ACHUSDT,LITUSDT,0.01,-4.08,-3.37,0.01,4
174,ACHUSDT,DUSKUSDT,0.0,-4.14,-3.37,0.11,4
177,ACHUSDT,ENJUSDT,0.0,-4.56,-3.37,0.03,4
184,ACHUSDT,FLMUSDT,0.0,-4.17,-3.37,0.12,4
403,RNDRUSDT,DOTUSDT,0.01,-3.8,-3.37,0.11,3
661,XTZUSDT,SKLUSDT,0.01,-4.08,-3.37,33.62,3
659,XTZUSDT,OPUSDT,0.0,-4.48,-3.37,0.53,3
37,1000BTTUSDT,NEARUSDT,0.04,-3.47,-3.37,0.0,3
439,SANDUSDT,1000BTTUSDT,0.04,-3.41,-3.37,1016.97,3
522,UNIUSDT,CTSIUSDT,0.02,-3.68,-3.37,49.07,3
26,1000BTTUSDT,ETHUSDT,0.01,-4.07,-3.37,0.0,3
24,1000BTTUSDT,DYDXUSDT,0.04,-3.39,-3.37,0.0,3
297,QNTUSDT,API3USDT,0.04,-3.41,-3.37,96.19,2
221,ACHUSDT,LUNA2USDT,0.04,-3.42,-3.37,0.01,2
187,ACHUSDT,FXSUSDT,0.0,-4.12,-3.37,0.0,2
133,ACHUSDT,AXSUSDT,0.01,-4.1,-3.37,0.0,2
175,ACHUSDT,DYDXUSDT,0.01,-4.09,-3.37,0.01,2
202,ACHUSDT,INJUSDT,0.01,-4.08,-3.37,0.01,2
318,QNTUSDT,CTSIUSDT,0.02,-3.73,-3.37,1052.55,2
325,QNTUSDT,DYDXUSDT,0.04,-3.41,-3.37,90.65,2
222,ACHUSDT,MAGICUSDT,0.01,-4.11,-3.37,0.0,2
96,AAVEUSDT,OCEANUSDT,0.02,-3.62,-3.37,283.04,1
44,1000XECUSDT,FTMUSDT,0.02,-3.71,-3.37,0.09,1
247,MAGICUSDT,1000BTTUSDT,0.01,-4.02,-3.37,10602.08,1
245,MAGICUSDT,10000NFTUSDT,0.0,-4.19,-3.37,1722.73,1
518,UNIUSDT,API3USDT,0.02,-3.74,-3.37,4.49,1
39,1000BTTUSDT,OCEANUSDT,0.03,-3.51,-3.37,0.0,1
466,STGUSDT,ASTRUSDT,0.0,-4.24,-3.37,11.12,1
467,STGUSDT,MASKUSDT,0.01,-4.06,-3.37,0.17,1
246,MAGICUSDT,1000BONKUSDT,0.0,-4.12,-3.37,5854.63,1
402,RNDRUSDT,BCHUSDT,0.0,-4.41,-3.37,0.01,1
248,MAGICUSDT,1000LUNCUSDT,0.01,-4.04,-3.37,44.68,1
127,ACHUSDT,APTUSDT,0.0,-4.14,-3.37,0.0,1
669,ZRXUSDT,APTUSDT,0.04,-3.47,-3.37,0.02,1
98,AAVEUSDT,OPUSDT,0.04,-3.41,-3.37,42.17,1
12,1000BTTUSDT,ANTUSDT,0.02,-3.68,-3.37,0.0,1
250,MAGICUSDT,1INCHUSDT,0.0,-4.75,-3.37,16.96,1
664,ZENUSDT,API3USDT,0.04,-3.45,-3.37,7.22,1
14,1000BTTUSDT,APTUSDT,0.03,-3.49,-3.37,0.0,1
251,MAGICUSDT,AAVEUSDT,0.0,-4.31,-3.37,0.1,1
18,1000BTTUSDT,BTCUSDT,0.01,-3.93,-3.37,0.0,1
256,PEOPLEUSDT,API3USDT,0.01,-4.08,-3.37,0.02,1
70,AAVEUSDT,APTUSDT,0.04,-3.39,-3.37,7.96,1
104,AAVEUSDT,SKLUSDT,0.01,-3.87,-3.37,2676.97,1
385,RENUSDT,UNFIUSDT,0.03,-3.48,-3.37,0.02,1
406,RNDRUSDT,XRPUSDT,0.01,-3.98,-3.37,1.6,1
249,MAGICUSDT,1000XECUSDT,0.0,-5.38,-3.37,274.6,1
